population,excludes_degenerate,predictor,outcome,aggregation,study_cell,spearman_rho,spearman_p,n,model_population
held_out_only,False,primary_wer,variety_wer,pooled,ALL,0.442115,0.000817,54,baseline
held_out_only,False,primary_wer,variety_wer,language_centred,ALL,0.287173,0.035250,54,baseline
held_out_only,False,primary_wer,variety_wer,within_language,en_us,0.317837,0.160305,21,baseline
held_out_only,False,primary_wer,variety_wer,within_language,es_419,0.427582,0.037144,24,baseline
held_out_only,False,primary_wer,penalty_rel,pooled,ALL,-0.222460,0.105917,54,baseline
held_out_only,False,primary_wer,penalty_rel,language_centred,ALL,-0.303082,0.025896,54,baseline
held_out_only,False,primary_wer,penalty_rel,within_language,en_us,-0.134840,0.560062,21,baseline
held_out_only,False,primary_wer,penalty_rel,within_language,es_419,-0.383349,0.064439,24,baseline
held_out_only,False,fleurs_wer,variety_wer,pooled,ALL,0.247208,0.071517,54,baseline
held_out_only,False,fleurs_wer,variety_wer,language_centred,ALL,0.199173,0.148773,54,baseline
held_out_only,False,fleurs_wer,variety_wer,within_language,en_us,0.317837,0.160305,21,baseline
held_out_only,False,fleurs_wer,variety_wer,within_language,es_419,0.324372,0.122003,24,baseline
held_out_only,False,fleurs_wer,penalty_rel,pooled,ALL,-0.052992,0.703524,54,baseline
held_out_only,False,fleurs_wer,penalty_rel,language_centred,ALL,-0.112018,0.419988,54,baseline
held_out_only,False,fleurs_wer,penalty_rel,within_language,en_us,-0.134840,0.560062,21,baseline
held_out_only,False,fleurs_wer,penalty_rel,within_language,es_419,-0.081093,0.706406,24,baseline
held_out_only,True,primary_wer,variety_wer,pooled,ALL,0.442115,0.000817,54,baseline
held_out_only,True,primary_wer,variety_wer,language_centred,ALL,0.287173,0.035250,54,baseline
held_out_only,True,primary_wer,variety_wer,within_language,en_us,0.317837,0.160305,21,baseline
held_out_only,True,primary_wer,variety_wer,within_language,es_419,0.427582,0.037144,24,baseline
held_out_only,True,primary_wer,penalty_rel,pooled,ALL,-0.222460,0.105917,54,baseline
held_out_only,True,primary_wer,penalty_rel,language_centred,ALL,-0.303082,0.025896,54,baseline
held_out_only,True,primary_wer,penalty_rel,within_language,en_us,-0.134840,0.560062,21,baseline
held_out_only,True,primary_wer,penalty_rel,within_language,es_419,-0.383349,0.064439,24,baseline
held_out_only,True,fleurs_wer,variety_wer,pooled,ALL,0.247208,0.071517,54,baseline
held_out_only,True,fleurs_wer,variety_wer,language_centred,ALL,0.199173,0.148773,54,baseline
held_out_only,True,fleurs_wer,variety_wer,within_language,en_us,0.317837,0.160305,21,baseline
held_out_only,True,fleurs_wer,variety_wer,within_language,es_419,0.324372,0.122003,24,baseline
held_out_only,True,fleurs_wer,penalty_rel,pooled,ALL,-0.052992,0.703524,54,baseline
held_out_only,True,fleurs_wer,penalty_rel,language_centred,ALL,-0.112018,0.419988,54,baseline
held_out_only,True,fleurs_wer,penalty_rel,within_language,en_us,-0.134840,0.560062,21,baseline
held_out_only,True,fleurs_wer,penalty_rel,within_language,es_419,-0.081093,0.706406,24,baseline
all_varieties,False,primary_wer,variety_wer,pooled,ALL,0.556405,0.000004,60,baseline
all_varieties,False,primary_wer,variety_wer,language_centred,ALL,0.115546,0.379326,60,baseline
all_varieties,False,primary_wer,variety_wer,within_language,en_us,0.317837,0.160305,21,baseline
all_varieties,False,primary_wer,variety_wer,within_language,es_419,0.427582,0.037144,24,baseline
all_varieties,False,primary_wer,penalty_rel,pooled,ALL,-0.203813,0.118296,60,baseline
all_varieties,False,primary_wer,penalty_rel,language_centred,ALL,-0.424955,0.000713,60,baseline
all_varieties,False,primary_wer,penalty_rel,within_language,en_us,-0.134840,0.560062,21,baseline
all_varieties,False,primary_wer,penalty_rel,within_language,es_419,-0.383349,0.064439,24,baseline
all_varieties,False,fleurs_wer,variety_wer,pooled,ALL,0.421629,0.000793,60,baseline
all_varieties,False,fleurs_wer,variety_wer,language_centred,ALL,0.356980,0.005112,60,baseline
all_varieties,False,fleurs_wer,variety_wer,within_language,en_us,0.317837,0.160305,21,baseline
all_varieties,False,fleurs_wer,variety_wer,within_language,es_419,0.324372,0.122003,24,baseline
all_varieties,False,fleurs_wer,penalty_rel,pooled,ALL,-0.036112,0.784142,60,baseline
all_varieties,False,fleurs_wer,penalty_rel,language_centred,ALL,-0.065236,0.620450,60,baseline
all_varieties,False,fleurs_wer,penalty_rel,within_language,en_us,-0.134840,0.560062,21,baseline
all_varieties,False,fleurs_wer,penalty_rel,within_language,es_419,-0.081093,0.706406,24,baseline
all_varieties,True,primary_wer,variety_wer,pooled,ALL,0.556405,0.000004,60,baseline
all_varieties,True,primary_wer,variety_wer,language_centred,ALL,0.115546,0.379326,60,baseline
all_varieties,True,primary_wer,variety_wer,within_language,en_us,0.317837,0.160305,21,baseline
all_varieties,True,primary_wer,variety_wer,within_language,es_419,0.427582,0.037144,24,baseline
all_varieties,True,primary_wer,penalty_rel,pooled,ALL,-0.203813,0.118296,60,baseline
all_varieties,True,primary_wer,penalty_rel,language_centred,ALL,-0.424955,0.000713,60,baseline
all_varieties,True,primary_wer,penalty_rel,within_language,en_us,-0.134840,0.560062,21,baseline
all_varieties,True,primary_wer,penalty_rel,within_language,es_419,-0.383349,0.064439,24,baseline
all_varieties,True,fleurs_wer,variety_wer,pooled,ALL,0.421629,0.000793,60,baseline
all_varieties,True,fleurs_wer,variety_wer,language_centred,ALL,0.356980,0.005112,60,baseline
all_varieties,True,fleurs_wer,variety_wer,within_language,en_us,0.317837,0.160305,21,baseline
all_varieties,True,fleurs_wer,variety_wer,within_language,es_419,0.324372,0.122003,24,baseline
all_varieties,True,fleurs_wer,penalty_rel,pooled,ALL,-0.036112,0.784142,60,baseline
all_varieties,True,fleurs_wer,penalty_rel,language_centred,ALL,-0.065236,0.620450,60,baseline
all_varieties,True,fleurs_wer,penalty_rel,within_language,en_us,-0.134840,0.560062,21,baseline
all_varieties,True,fleurs_wer,penalty_rel,within_language,es_419,-0.081093,0.706406,24,baseline
held_out_only,False,primary_wer,variety_wer,pooled,ALL,0.461059,0.001861,43,trained
held_out_only,False,primary_wer,variety_wer,language_centred,ALL,0.031739,0.839881,43,trained
held_out_only,False,primary_wer,variety_wer,within_language,en_us,-0.009631,0.966949,21,trained
held_out_only,False,primary_wer,variety_wer,within_language,es_419,-0.039344,0.876821,18,trained
held_out_only,False,primary_wer,penalty_rel,pooled,ALL,0.360576,0.017535,43,trained
held_out_only,False,primary_wer,penalty_rel,language_centred,ALL,-0.004120,0.979081,43,trained
held_out_only,False,primary_wer,penalty_rel,within_language,en_us,-0.077051,0.739914,21,trained
held_out_only,False,primary_wer,penalty_rel,within_language,es_419,-0.131148,0.603957,18,trained
held_out_only,False,fleurs_wer,variety_wer,pooled,ALL,0.464838,0.004286,36,trained
held_out_only,False,fleurs_wer,variety_wer,language_centred,ALL,0.022191,0.897782,36,trained
held_out_only,False,fleurs_wer,variety_wer,within_language,en_us,-0.088596,0.763275,14,trained
held_out_only,False,fleurs_wer,variety_wer,within_language,es_419,0.039344,0.876821,18,trained
held_out_only,False,fleurs_wer,penalty_rel,pooled,ALL,0.394218,0.017356,36,trained
held_out_only,False,fleurs_wer,penalty_rel,language_centred,ALL,-0.018536,0.914551,36,trained
held_out_only,False,fleurs_wer,penalty_rel,within_language,en_us,-0.159473,0.586051,14,trained
held_out_only,False,fleurs_wer,penalty_rel,within_language,es_419,-0.026230,0.917716,18,trained
held_out_only,True,primary_wer,variety_wer,pooled,ALL,0.440382,0.004457,40,trained
held_out_only,True,primary_wer,variety_wer,language_centred,ALL,-0.029940,0.854490,40,trained
held_out_only,True,primary_wer,variety_wer,within_language,en_us,-0.026230,0.917716,18,trained
held_out_only,True,primary_wer,variety_wer,within_language,es_419,-0.039344,0.876821,18,trained
held_out_only,True,primary_wer,penalty_rel,pooled,ALL,0.325833,0.040192,40,trained
held_out_only,True,primary_wer,penalty_rel,language_centred,ALL,-0.104032,0.522935,40,trained
held_out_only,True,primary_wer,penalty_rel,within_language,en_us,-0.118033,0.640887,18,trained
held_out_only,True,primary_wer,penalty_rel,within_language,es_419,-0.131148,0.603957,18,trained
held_out_only,True,fleurs_wer,variety_wer,pooled,ALL,0.436122,0.009925,34,trained
held_out_only,True,fleurs_wer,variety_wer,language_centred,ALL,-0.021218,0.905193,34,trained
held_out_only,True,fleurs_wer,variety_wer,within_language,en_us,-0.144841,0.653339,12,trained
held_out_only,True,fleurs_wer,variety_wer,within_language,es_419,0.039344,0.876821,18,trained
held_out_only,True,fleurs_wer,penalty_rel,pooled,ALL,0.357911,0.037681,34,trained
held_out_only,True,fleurs_wer,penalty_rel,language_centred,ALL,-0.117394,0.508481,34,trained
held_out_only,True,fleurs_wer,penalty_rel,within_language,en_us,-0.241402,0.449729,12,trained
held_out_only,True,fleurs_wer,penalty_rel,within_language,es_419,-0.026230,0.917716,18,trained
all_varieties,False,primary_wer,variety_wer,pooled,ALL,0.497289,0.000205,51,trained
all_varieties,False,primary_wer,variety_wer,language_centred,ALL,-0.025133,0.861029,51,trained
all_varieties,False,primary_wer,variety_wer,within_language,en_us,-0.009631,0.966949,21,trained
all_varieties,False,primary_wer,variety_wer,within_language,es_419,-0.039344,0.876821,18,trained
all_varieties,False,primary_wer,penalty_rel,pooled,ALL,-0.129763,0.364107,51,trained
all_varieties,False,primary_wer,penalty_rel,language_centred,ALL,-0.099622,0.486719,51,trained
all_varieties,False,primary_wer,penalty_rel,within_language,en_us,-0.077051,0.739914,21,trained
all_varieties,False,primary_wer,penalty_rel,within_language,es_419,-0.131148,0.603957,18,trained
all_varieties,False,fleurs_wer,variety_wer,pooled,ALL,0.536891,0.000172,44,trained
all_varieties,False,fleurs_wer,variety_wer,language_centred,ALL,0.049286,0.750707,44,trained
all_varieties,False,fleurs_wer,variety_wer,within_language,en_us,-0.088596,0.763275,14,trained
all_varieties,False,fleurs_wer,variety_wer,within_language,es_419,0.039344,0.876821,18,trained
all_varieties,False,fleurs_wer,penalty_rel,pooled,ALL,-0.077267,0.618117,44,trained
all_varieties,False,fleurs_wer,penalty_rel,language_centred,ALL,0.014488,0.925635,44,trained
all_varieties,False,fleurs_wer,penalty_rel,within_language,en_us,-0.159473,0.586051,14,trained
all_varieties,False,fleurs_wer,penalty_rel,within_language,es_419,-0.026230,0.917716,18,trained
all_varieties,True,primary_wer,variety_wer,pooled,ALL,0.525474,0.000126,48,trained
all_varieties,True,primary_wer,variety_wer,language_centred,ALL,-0.049512,0.738233,48,trained
all_varieties,True,primary_wer,variety_wer,within_language,en_us,-0.026230,0.917716,18,trained
all_varieties,True,primary_wer,variety_wer,within_language,es_419,-0.039344,0.876821,18,trained
all_varieties,True,primary_wer,penalty_rel,pooled,ALL,-0.166224,0.258834,48,trained
all_varieties,True,primary_wer,penalty_rel,language_centred,ALL,-0.144115,0.328444,48,trained
all_varieties,True,primary_wer,penalty_rel,within_language,en_us,-0.118033,0.640887,18,trained
all_varieties,True,primary_wer,penalty_rel,within_language,es_419,-0.131148,0.603957,18,trained
all_varieties,True,fleurs_wer,variety_wer,pooled,ALL,0.558467,0.000121,42,trained
all_varieties,True,fleurs_wer,variety_wer,language_centred,ALL,-0.017873,0.910552,42,trained
all_varieties,True,fleurs_wer,variety_wer,within_language,en_us,-0.144841,0.653339,12,trained
all_varieties,True,fleurs_wer,variety_wer,within_language,es_419,0.039344,0.876821,18,trained
all_varieties,True,fleurs_wer,penalty_rel,pooled,ALL,-0.095730,0.546464,42,trained
all_varieties,True,fleurs_wer,penalty_rel,language_centred,ALL,-0.088956,0.575331,42,trained
all_varieties,True,fleurs_wer,penalty_rel,within_language,en_us,-0.241402,0.449729,12,trained
all_varieties,True,fleurs_wer,penalty_rel,within_language,es_419,-0.026230,0.917716,18,trained
