model_short,study_cell,dataset,variety_cer,num_samples,primary_cer,fleurs_cer,population,language_name,accent_match,variety_seen_in_training,parent_selected_on_fleurs,is_degenerate,penalty_abs,penalty_rel
Qwen2-Audio-7B,en_us,en_au,13.870000,3880.000000,16.800000,4.670000,baseline,English,same,False,True,False,-2.930000,0.825595
Voxtral-Mini-3B-2507,en_us,en_au,9.950000,3880.000000,9.950000,2.110000,baseline,English,same,False,True,False,0.000000,1.000000
whisper-medium,en_us,en_au,9.460000,3880.000000,10.390000,2.350000,baseline,English,same,False,True,False,-0.930000,0.910491
Qwen2-Audio-7B,en_us,en_jm,17.660000,117.000000,16.800000,4.670000,baseline,English,same,False,True,False,0.860000,1.051190
Voxtral-Mini-3B-2507,en_us,en_jm,7.970000,117.000000,9.950000,2.110000,baseline,English,same,False,True,False,-1.980000,0.801005
whisper-medium,en_us,en_jm,7.620000,117.000000,10.390000,2.350000,baseline,English,same,False,True,False,-2.770000,0.733397
Qwen2-Audio-7B,en_us,en_ke,25.020000,1822.000000,16.800000,4.670000,baseline,English,same,False,True,False,8.220000,1.489286
Voxtral-Mini-3B-2507,en_us,en_ke,19.490000,1822.000000,9.950000,2.110000,baseline,English,same,False,True,False,9.540000,1.958794
whisper-medium,en_us,en_ke,25.390000,1822.000000,10.390000,2.350000,baseline,English,same,False,True,False,15.000000,2.443696
Qwen2-Audio-7B,en_us,en_nz,13.040000,3074.000000,16.800000,4.670000,baseline,English,same,False,True,False,-3.760000,0.776190
Voxtral-Mini-3B-2507,en_us,en_nz,8.470000,3074.000000,9.950000,2.110000,baseline,English,same,False,True,False,-1.480000,0.851256
whisper-medium,en_us,en_nz,9.740000,3074.000000,10.390000,2.350000,baseline,English,same,False,True,False,-0.650000,0.937440
Qwen2-Audio-7B,en_us,en_pk,110.100000,237.000000,16.800000,4.670000,baseline,English,same,False,True,False,93.300000,6.553571
Voxtral-Mini-3B-2507,en_us,en_pk,78.470000,237.000000,9.950000,2.110000,baseline,English,same,False,True,False,68.520000,7.886432
whisper-medium,en_us,en_pk,87.700000,237.000000,10.390000,2.350000,baseline,English,same,False,True,False,77.310000,8.440808
Qwen2-Audio-7B,en_us,en_sl,19.870000,1238.000000,16.800000,4.670000,baseline,English,same,False,True,False,3.070000,1.182738
Voxtral-Mini-3B-2507,en_us,en_sl,14.120000,1238.000000,9.950000,2.110000,baseline,English,same,False,True,False,4.170000,1.419095
whisper-medium,en_us,en_sl,16.710000,1238.000000,10.390000,2.350000,baseline,English,same,False,True,False,6.320000,1.608277
Qwen2-Audio-7B,en_us,en_zm,21.170000,3527.000000,16.800000,4.670000,baseline,English,same,False,True,False,4.370000,1.260119
Voxtral-Mini-3B-2507,en_us,en_zm,15.830000,3527.000000,9.950000,2.110000,baseline,English,same,False,True,False,5.880000,1.590955
whisper-medium,en_us,en_zm,17.770000,3527.000000,10.390000,2.350000,baseline,English,same,False,True,False,7.380000,1.710298
Qwen2-Audio-7B,es_419,es_ar,22.350000,3032.000000,12.210000,3.900000,baseline,Spanish (LatAm),related,False,True,False,10.140000,1.830467
Voxtral-Mini-3B-2507,es_419,es_ar,20.010000,3032.000000,8.460000,1.730000,baseline,Spanish (LatAm),related,False,True,False,11.550000,2.365248
whisper-medium,es_419,es_ar,20.220000,3032.000000,22.390000,1.340000,baseline,Spanish (LatAm),related,False,True,False,-2.170000,0.903082
Qwen2-Audio-7B,es_419,es_cl,23.350000,20912.000000,12.210000,3.900000,baseline,Spanish (LatAm),related,False,True,False,11.140000,1.912367
Voxtral-Mini-3B-2507,es_419,es_cl,19.590000,20912.000000,8.460000,1.730000,baseline,Spanish (LatAm),related,False,True,False,11.130000,2.315603
whisper-medium,es_419,es_cl,51.410000,20912.000000,22.390000,1.340000,baseline,Spanish (LatAm),related,False,True,False,29.020000,2.296114
Qwen2-Audio-7B,es_419,es_co,17.960000,1893.000000,12.210000,3.900000,baseline,Spanish (LatAm),related,False,True,False,5.750000,1.470925
Voxtral-Mini-3B-2507,es_419,es_co,11.790000,1893.000000,8.460000,1.730000,baseline,Spanish (LatAm),related,False,True,False,3.330000,1.393617
whisper-medium,es_419,es_co,78.040000,1893.000000,22.390000,1.340000,baseline,Spanish (LatAm),related,False,True,False,55.650000,3.485485
Qwen2-Audio-7B,es_419,es_es,10.170000,34140.000000,12.210000,3.900000,baseline,Spanish (LatAm),related,False,True,False,-2.040000,0.832924
Voxtral-Mini-3B-2507,es_419,es_es,7.430000,34140.000000,8.460000,1.730000,baseline,Spanish (LatAm),related,False,True,False,-1.030000,0.878251
whisper-medium,es_419,es_es,7.960000,34140.000000,22.390000,1.340000,baseline,Spanish (LatAm),related,False,True,False,-14.430000,0.355516
Qwen2-Audio-7B,es_419,es_pe,10.610000,4637.000000,12.210000,3.900000,baseline,Spanish (LatAm),related,False,True,False,-1.600000,0.868960
Voxtral-Mini-3B-2507,es_419,es_pe,6.550000,4637.000000,8.460000,1.730000,baseline,Spanish (LatAm),related,False,True,False,-1.910000,0.774232
whisper-medium,es_419,es_pe,18.140000,4637.000000,22.390000,1.340000,baseline,Spanish (LatAm),related,False,True,False,-4.250000,0.810183
Qwen2-Audio-7B,es_419,es_pr,13.920000,2742.000000,12.210000,3.900000,baseline,Spanish (LatAm),related,False,True,False,1.710000,1.140049
Voxtral-Mini-3B-2507,es_419,es_pr,9.540000,2742.000000,8.460000,1.730000,baseline,Spanish (LatAm),related,False,True,False,1.080000,1.127660
whisper-medium,es_419,es_pr,17.630000,2742.000000,22.390000,1.340000,baseline,Spanish (LatAm),related,False,True,False,-4.760000,0.787405
Qwen2-Audio-7B,es_419,es_py,12.000000,1604.000000,12.210000,3.900000,baseline,Spanish (LatAm),related,False,True,False,-0.210000,0.982801
Voxtral-Mini-3B-2507,es_419,es_py,8.650000,1604.000000,8.460000,1.730000,baseline,Spanish (LatAm),related,False,True,False,0.190000,1.022459
whisper-medium,es_419,es_py,12.960000,1604.000000,22.390000,1.340000,baseline,Spanish (LatAm),related,False,True,False,-9.430000,0.578830
Qwen2-Audio-7B,es_419,es_uy,23.940000,10730.000000,12.210000,3.900000,baseline,Spanish (LatAm),related,False,True,False,11.730000,1.960688
Voxtral-Mini-3B-2507,es_419,es_uy,20.690000,10730.000000,8.460000,1.730000,baseline,Spanish (LatAm),related,False,True,False,12.230000,2.445626
whisper-medium,es_419,es_uy,21.410000,10730.000000,22.390000,1.340000,baseline,Spanish (LatAm),related,False,True,False,-0.980000,0.956230
Qwen2-Audio-7B,fr_fr,fr_cd,10.580000,265.000000,15.190000,4.970000,baseline,French,different,False,True,False,-4.610000,0.696511
Voxtral-Mini-3B-2507,fr_fr,fr_cd,11.010000,265.000000,12.060000,2.100000,baseline,French,different,False,True,False,-1.050000,0.912935
whisper-medium,fr_fr,fr_cd,7.180000,265.000000,10.930000,2.860000,baseline,French,different,False,True,False,-3.750000,0.656908
Qwen2-Audio-7B,fr_fr,fr_ci,12.570000,116.000000,15.190000,4.970000,baseline,French,different,False,True,False,-2.620000,0.827518
Voxtral-Mini-3B-2507,fr_fr,fr_ci,12.130000,116.000000,12.060000,2.100000,baseline,French,different,False,True,False,0.070000,1.005804
whisper-medium,fr_fr,fr_ci,7.770000,116.000000,10.930000,2.860000,baseline,French,different,False,True,False,-3.160000,0.710887
Qwen2-Audio-7B,sw_ke,sw_tz,88.240000,10542.000000,25.450000,78.950000,baseline,Swahili,partial,True,True,False,62.790000,3.467191
Voxtral-Mini-3B-2507,sw_ke,sw_tz,45.450000,10542.000000,18.630000,26.320000,baseline,Swahili,partial,True,True,False,26.820000,2.439614
whisper-medium,sw_ke,sw_tz,51.190000,10542.000000,625.310000,42.040000,baseline,Swahili,partial,True,True,False,-574.120000,0.081863
Qwen2-Audio-7B,ta_in,ta_lk,99.430000,1224.000000,105.290000,109.620000,baseline,Tamil,same,False,True,False,-5.860000,0.944344
Voxtral-Mini-3B-2507,ta_in,ta_lk,88.760000,1224.000000,30.270000,48.020000,baseline,Tamil,same,False,True,False,58.490000,2.932276
whisper-medium,ta_in,ta_lk,64.300000,1224.000000,18.440000,16.220000,baseline,Tamil,same,False,True,False,45.860000,3.486985
Qwen2-Audio-7B,ur_pk,ur_in,101.320000,155.000000,68.220000,106.900000,baseline,Urdu,partial,True,True,False,33.100000,1.485195
Voxtral-Mini-3B-2507,ur_pk,ur_in,47.350000,155.000000,46.030000,48.190000,baseline,Urdu,partial,True,True,False,1.320000,1.028677
whisper-medium,ur_pk,ur_in,20.170000,155.000000,164.200000,11.650000,baseline,Urdu,partial,True,True,False,-144.030000,0.122838
earth,en_us,en_au,16.560000,3880.000000,9.550000,,trained,English,same,False,True,False,7.010000,1.734031
fire,en_us,en_au,17.130000,3880.000000,9.440000,5.540000,trained,English,same,False,True,False,7.690000,1.814619
global,en_us,en_au,18.270000,3880.000000,9.960000,6.220000,trained,English,same,False,True,False,8.310000,1.834337
water,en_us,en_au,14.930000,3880.000000,9.680000,14.750000,trained,English,same,False,True,False,5.250000,1.542355
earth,en_us,en_jm,9.540000,117.000000,9.550000,,trained,English,same,False,True,False,-0.010000,0.998953
fire,en_us,en_jm,11.340000,117.000000,9.440000,5.540000,trained,English,same,False,True,False,1.900000,1.201271
global,en_us,en_jm,12.640000,117.000000,9.960000,6.220000,trained,English,same,False,True,False,2.680000,1.269076
water,en_us,en_jm,9.930000,117.000000,9.680000,14.750000,trained,English,same,False,True,False,0.250000,1.025826
earth,en_us,en_ke,25.860000,1822.000000,9.550000,,trained,English,same,False,True,False,16.310000,2.707853
fire,en_us,en_ke,23.810000,1822.000000,9.440000,5.540000,trained,English,same,False,True,False,14.370000,2.522246
global,en_us,en_ke,26.740000,1822.000000,9.960000,6.220000,trained,English,same,False,True,False,16.780000,2.684739
water,en_us,en_ke,24.950000,1822.000000,9.680000,14.750000,trained,English,same,False,True,False,15.270000,2.577479
earth,en_us,en_nz,20.220000,3074.000000,9.550000,,trained,English,same,False,True,False,10.670000,2.117277
fire,en_us,en_nz,35.390000,3074.000000,9.440000,5.540000,trained,English,same,False,True,False,25.950000,3.748941
global,en_us,en_nz,23.640000,3074.000000,9.960000,6.220000,trained,English,same,False,True,False,13.680000,2.373494
water,en_us,en_nz,17.300000,3074.000000,9.680000,14.750000,trained,English,same,False,True,False,7.620000,1.787190
earth,en_us,en_pk,732.190000,237.000000,9.550000,,trained,English,same,False,True,True,722.640000,76.669110
fire,en_us,en_pk,422.880000,237.000000,9.440000,5.540000,trained,English,same,False,True,True,413.440000,44.796610
global,en_us,en_pk,587.130000,237.000000,9.960000,6.220000,trained,English,same,False,True,True,577.170000,58.948795
water,en_us,en_pk,755.130000,237.000000,9.680000,14.750000,trained,English,same,False,True,True,745.450000,78.009298
earth,en_us,en_sl,21.540000,1238.000000,9.550000,,trained,English,same,False,True,False,11.990000,2.255497
fire,en_us,en_sl,21.110000,1238.000000,9.440000,5.540000,trained,English,same,False,True,False,11.670000,2.236229
global,en_us,en_sl,20.250000,1238.000000,9.960000,6.220000,trained,English,same,False,True,False,10.290000,2.033133
water,en_us,en_sl,22.730000,1238.000000,9.680000,14.750000,trained,English,same,False,True,False,13.050000,2.348140
earth,en_us,en_zm,25.740000,3527.000000,9.550000,,trained,English,same,False,True,False,16.190000,2.695288
fire,en_us,en_zm,22.390000,3527.000000,9.440000,5.540000,trained,English,same,False,True,False,12.950000,2.371822
global,en_us,en_zm,25.180000,3527.000000,9.960000,6.220000,trained,English,same,False,True,False,15.220000,2.528112
water,en_us,en_zm,21.380000,3527.000000,9.680000,14.750000,trained,English,same,False,True,False,11.700000,2.208678
earth,es_419,es_ar,22.320000,3032.000000,9.350000,3.220000,trained,Spanish (LatAm),related,False,True,False,12.970000,2.387166
fire,es_419,es_ar,21.960000,3032.000000,8.910000,3.140000,trained,Spanish (LatAm),related,False,True,False,13.050000,2.464646
global,es_419,es_ar,22.010000,3032.000000,9.230000,3.220000,trained,Spanish (LatAm),related,False,True,False,12.780000,2.384615
water,es_419,es_ar,22.190000,3032.000000,9.130000,3.470000,trained,Spanish (LatAm),related,False,True,False,13.060000,2.430449
earth,es_419,es_cl,24.590000,20912.000000,9.350000,3.220000,trained,Spanish (LatAm),related,False,True,False,15.240000,2.629947
fire,es_419,es_cl,23.070000,20912.000000,8.910000,3.140000,trained,Spanish (LatAm),related,False,True,False,14.160000,2.589226
global,es_419,es_cl,23.700000,20912.000000,9.230000,3.220000,trained,Spanish (LatAm),related,False,True,False,14.470000,2.567714
water,es_419,es_cl,24.850000,20912.000000,9.130000,3.470000,trained,Spanish (LatAm),related,False,True,False,15.720000,2.721796
earth,es_419,es_co,15.430000,1893.000000,9.350000,3.220000,trained,Spanish (LatAm),related,False,True,False,6.080000,1.650267
fire,es_419,es_co,15.600000,1893.000000,8.910000,3.140000,trained,Spanish (LatAm),related,False,True,False,6.690000,1.750842
global,es_419,es_co,15.160000,1893.000000,9.230000,3.220000,trained,Spanish (LatAm),related,False,True,False,5.930000,1.642470
water,es_419,es_co,15.370000,1893.000000,9.130000,3.470000,trained,Spanish (LatAm),related,False,True,False,6.240000,1.683461
fire,es_419,es_es,16.370000,34140.000000,8.910000,3.140000,trained,Spanish (LatAm),related,False,True,False,7.460000,1.837262
water,es_419,es_es,13.010000,34140.000000,9.130000,3.470000,trained,Spanish (LatAm),related,False,True,False,3.880000,1.424973
earth,es_419,es_pe,10.500000,4637.000000,9.350000,3.220000,trained,Spanish (LatAm),related,False,True,False,1.150000,1.122995
fire,es_419,es_pe,10.790000,4637.000000,8.910000,3.140000,trained,Spanish (LatAm),related,False,True,False,1.880000,1.210999
global,es_419,es_pe,10.390000,4637.000000,9.230000,3.220000,trained,Spanish (LatAm),related,False,True,False,1.160000,1.125677
water,es_419,es_pe,10.770000,4637.000000,9.130000,3.470000,trained,Spanish (LatAm),related,False,True,False,1.640000,1.179628
earth,es_419,es_pr,12.240000,2742.000000,9.350000,3.220000,trained,Spanish (LatAm),related,False,True,False,2.890000,1.309091
fire,es_419,es_pr,12.860000,2742.000000,8.910000,3.140000,trained,Spanish (LatAm),related,False,True,False,3.950000,1.443322
global,es_419,es_pr,12.280000,2742.000000,9.230000,3.220000,trained,Spanish (LatAm),related,False,True,False,3.050000,1.330444
water,es_419,es_pr,12.330000,2742.000000,9.130000,3.470000,trained,Spanish (LatAm),related,False,True,False,3.200000,1.350493
earth,es_419,es_py,13.100000,1604.000000,9.350000,3.220000,trained,Spanish (LatAm),related,False,True,False,3.750000,1.401070
fire,es_419,es_py,12.360000,1604.000000,8.910000,3.140000,trained,Spanish (LatAm),related,False,True,False,3.450000,1.387205
global,es_419,es_py,12.510000,1604.000000,9.230000,3.220000,trained,Spanish (LatAm),related,False,True,False,3.280000,1.355363
water,es_419,es_py,12.640000,1604.000000,9.130000,3.470000,trained,Spanish (LatAm),related,False,True,False,3.510000,1.384447
earth,es_419,es_uy,23.670000,10730.000000,9.350000,3.220000,trained,Spanish (LatAm),related,False,True,False,14.320000,2.531551
fire,es_419,es_uy,23.670000,10730.000000,8.910000,3.140000,trained,Spanish (LatAm),related,False,True,False,14.760000,2.656566
global,es_419,es_uy,23.480000,10730.000000,9.230000,3.220000,trained,Spanish (LatAm),related,False,True,False,14.250000,2.543879
water,es_419,es_uy,23.850000,10730.000000,9.130000,3.470000,trained,Spanish (LatAm),related,False,True,False,14.720000,2.612267
fire,fr_fr,fr_cd,12.140000,265.000000,8.580000,7.860000,trained,French,different,False,True,False,3.560000,1.414918
global,fr_fr,fr_cd,11.810000,265.000000,8.610000,11.450000,trained,French,different,False,True,False,3.200000,1.371661
water,fr_fr,fr_cd,10.920000,265.000000,8.600000,8.450000,trained,French,different,False,True,False,2.320000,1.269767
fire,fr_fr,fr_ci,13.210000,116.000000,8.580000,7.860000,trained,French,different,False,True,False,4.630000,1.539627
global,fr_fr,fr_ci,13.530000,116.000000,8.610000,11.450000,trained,French,different,False,True,False,4.920000,1.571429
water,fr_fr,fr_ci,22.230000,116.000000,8.600000,8.450000,trained,French,different,False,True,False,13.630000,2.584884
earth,sw_ke,sw_tz,14.100000,10542.000000,15.250000,15.100000,trained,Swahili,partial,True,True,False,-1.150000,0.924590
fire,sw_ke,sw_tz,13.460000,10542.000000,14.520000,18.030000,trained,Swahili,partial,True,True,False,-1.060000,0.926997
global,sw_ke,sw_tz,14.060000,10542.000000,15.320000,18.460000,trained,Swahili,partial,True,True,False,-1.260000,0.917755
water,sw_ke,sw_tz,14.000000,10542.000000,14.870000,19.450000,trained,Swahili,partial,True,True,False,-0.870000,0.941493
earth,ta_in,ta_lk,77.630000,1224.000000,15.830000,64.000000,trained,Tamil,same,False,True,False,61.800000,4.903980
fire,ta_in,ta_lk,73.310000,1224.000000,15.640000,48.290000,trained,Tamil,same,False,True,False,57.670000,4.687340
global,ta_in,ta_lk,78.650000,1224.000000,16.960000,87.810000,trained,Tamil,same,False,True,False,61.690000,4.637382
water,ta_in,ta_lk,69.060000,1224.000000,15.420000,71.730000,trained,Tamil,same,False,True,False,53.640000,4.478599
earth,ur_pk,ur_in,18.550000,155.000000,74.130000,22.810000,trained,Urdu,partial,True,True,False,-55.580000,0.250236
fire,ur_pk,ur_in,17.350000,155.000000,94.310000,21.400000,trained,Urdu,partial,True,True,False,-76.960000,0.183968
global,ur_pk,ur_in,19.400000,155.000000,83.480000,29.250000,trained,Urdu,partial,True,True,False,-64.080000,0.232391
water,ur_pk,ur_in,20.980000,155.000000,76.380000,20.040000,trained,Urdu,partial,True,True,False,-55.400000,0.274679
