run_id,dataset,language_name,model_short,state,global_step,batch_size,gradient_accumulation_steps,effective_batch,samples_processed,audio_hours_processed,epochs_logged,mean_sample_seconds,train_configs,n_train_configs,stream_exhausted,estimate_kind,implied_stream_samples,implied_stream_hours,expected_stream_examples,expected_stream_examples_post_filter,n_dropped_by_cap,ratio_implied_to_expected,ratio_implied_to_expected_post_filter,ratio_to_closest_single_config,accounting_flag,mean_sample_seconds_within_cap
12sof3iv,crs_sc,Seychellois Creole,base,finished,1000,8,64,512,512000,2114.383794,1.286000,14.866761,crs_sc,1,True,estimate,398133.748056,1644.155361,,,,,,,expected_size_unknown,True
g8f56u6p,crs_sc,Seychellois Creole,earth,finished,1000,8,64,512,512000,2114.383794,1.286000,14.866761,crs_sc,1,True,estimate,398133.748056,1644.155361,,,,,,,expected_size_unknown,True
wvi4k6py,crs_sc,Seychellois Creole,fire,finished,1000,8,64,512,512000,2114.383794,1.286000,14.866761,crs_sc,1,True,estimate,398133.748056,1644.155361,,,,,,,expected_size_unknown,True
ea7a4ud8,crs_sc,Seychellois Creole,global,finished,1000,8,64,512,512000,2114.383794,1.286000,14.866761,crs_sc,1,True,estimate,398133.748056,1644.155361,,,,,,,expected_size_unknown,True
95kqse0h,crs_sc,Seychellois Creole,water,finished,1000,8,64,512,512000,2114.383794,1.286000,14.866761,crs_sc,1,True,estimate,398133.748056,1644.155361,,,,,,,expected_size_unknown,True
dv5swzra,crs_sc,Seychellois Creole,qwen3-4b,running,130,8,64,512,66560,274.794864,0.130000,14.862703,crs_sc,1,False,lower_bound,512000.000000,2113.806643,,,,,,,expected_size_unknown,True
2oxfzx48,en_us,English,earth,finished,1000,8,64,512,512000,2707.768965,1.000000,19.039001,en_us,1,False,lower_bound,512000.000000,2707.768965,666718.000000,666718.000000,0.000000,0.767941,0.767941,,stream_never_exhausted_lower_bound_only,True
ll76cvwc,en_us,English,fire,finished,1000,8,64,512,512000,2707.768965,1.000000,19.039001,en_us,1,False,lower_bound,512000.000000,2707.768965,666718.000000,666718.000000,0.000000,0.767941,0.767941,,stream_never_exhausted_lower_bound_only,True
8g3x2qon,en_us,English,global,finished,1000,8,64,512,512000,2707.768965,1.000000,19.039001,en_us,1,False,lower_bound,512000.000000,2707.768965,666718.000000,666718.000000,0.000000,0.767941,0.767941,,stream_never_exhausted_lower_bound_only,True
n4cot5v7,en_us,English,water,finished,1000,8,64,512,512000,2707.768965,1.000000,19.039001,en_us,1,False,lower_bound,512000.000000,2707.768965,666718.000000,666718.000000,0.000000,0.767941,0.767941,,stream_never_exhausted_lower_bound_only,True
g5wa6b96,es_419,Spanish (LatAm),earth,running,80,8,64,512,40960,169.955932,0.080000,14.937533,es_419,1,False,lower_bound,512000.000000,2124.449151,866048.000000,866048.000000,0.000000,0.591191,0.591191,,stream_never_exhausted_lower_bound_only,True
x2hdvem2,es_419,Spanish (LatAm),fire,running,80,8,64,512,40960,169.955932,0.080000,14.937533,es_419,1,False,lower_bound,512000.000000,2124.449151,866048.000000,866048.000000,0.000000,0.591191,0.591191,,stream_never_exhausted_lower_bound_only,True
jn9l4dgu,es_419,Spanish (LatAm),global,running,80,8,64,512,40960,169.955932,0.080000,14.937533,es_419,1,False,lower_bound,512000.000000,2124.449151,866048.000000,866048.000000,0.000000,0.591191,0.591191,,stream_never_exhausted_lower_bound_only,True
xdm2arew,fr_fr,French,earth,finished,1000,8,64,512,512000,2304.346432,2.242000,16.202436,fr_fr,1,True,estimate,228367.528992,1027.808400,207449.000000,199151.040000,8297.960000,1.100837,1.146705,,reconciles,True
ea8ir39a,fr_fr,French,fire,finished,1000,8,64,512,512000,2304.346432,2.242000,16.202436,fr_fr,1,True,estimate,228367.528992,1027.808400,207449.000000,199151.040000,8297.960000,1.100837,1.146705,,reconciles,True
bl307k98,fr_fr,French,global,finished,1000,8,64,512,512000,2304.346432,2.242000,16.202436,fr_fr,1,True,estimate,228367.528992,1027.808400,207449.000000,199151.040000,8297.960000,1.100837,1.146705,,reconciles,True
a5mugd36,fr_fr,French,water,finished,1000,8,64,512,512000,2304.346432,2.242000,16.202436,fr_fr,1,True,estimate,228367.528992,1027.808400,207449.000000,199151.040000,8297.960000,1.100837,1.146705,,reconciles,True
5zwtg71y,ha_ng,Hausa,earth,finished,1000,8,64,512,512000,2265.632343,18.046000,15.930227,ha_ng+ha_td,2,True,estimate,28371.938380,125.547620,27255.000000,27255.000000,0.000000,1.040981,1.040981,1.843531,reconciles,True
k5n1nce2,ha_ng,Hausa,fire,finished,1000,8,64,512,512000,2265.632343,18.046000,15.930227,ha_ng+ha_td,2,True,estimate,28371.938380,125.547620,27255.000000,27255.000000,0.000000,1.040981,1.040981,1.843531,reconciles,True
7hnz2798,ha_ng,Hausa,global,finished,1000,8,64,512,512000,2265.632343,18.046000,15.930227,ha_ng+ha_td,2,True,estimate,28371.938380,125.547620,27255.000000,27255.000000,0.000000,1.040981,1.040981,1.843531,reconciles,True
1lmfgt3j,ha_ng,Hausa,water,finished,1000,8,64,512,512000,2265.632343,18.046000,15.930227,ha_ng+ha_td,2,True,estimate,28371.938380,125.547620,27255.000000,27255.000000,0.000000,1.040981,1.040981,1.843531,reconciles,True
t4rmeg0a,hi_in,Hindi,earth,finished,1000,8,64,512,512000,1939.252849,1.000000,13.635372,hi_in,1,False,lower_bound,512000.000000,1939.252849,577382.000000,577382.000000,0.000000,0.886761,0.886761,,stream_never_exhausted_lower_bound_only,True
orr0exu9,hi_in,Hindi,fire,finished,1000,8,64,512,512000,1939.252849,1.000000,13.635372,hi_in,1,False,lower_bound,512000.000000,1939.252849,577382.000000,577382.000000,0.000000,0.886761,0.886761,,stream_never_exhausted_lower_bound_only,True
2d1cacxp,hi_in,Hindi,global,finished,1000,8,64,512,512000,1939.252849,1.000000,13.635372,hi_in,1,False,lower_bound,512000.000000,1939.252849,577382.000000,577382.000000,0.000000,0.886761,0.886761,,stream_never_exhausted_lower_bound_only,True
3f6qv4qj,hi_in,Hindi,water,finished,1000,8,64,512,512000,1939.252849,1.000000,13.635372,hi_in,1,False,lower_bound,512000.000000,1939.252849,577382.000000,577382.000000,0.000000,0.886761,0.886761,,stream_never_exhausted_lower_bound_only,True
r5qxmpsb,id_id,Indonesian,earth,finished,1000,8,64,512,512000,2181.455403,5.015000,15.338358,id_id,1,True,estimate,102093.718843,434.986122,101112.000000,101112.000000,0.000000,1.009709,1.009709,,reconciles,True
j0m25u9a,id_id,Indonesian,fire,finished,1000,8,64,512,512000,2181.455403,5.015000,15.338358,id_id,1,True,estimate,102093.718843,434.986122,101112.000000,101112.000000,0.000000,1.009709,1.009709,,reconciles,True
tkr1e18d,id_id,Indonesian,global,finished,1000,8,64,512,512000,2181.455403,5.015000,15.338358,id_id,1,True,estimate,102093.718843,434.986122,101112.000000,101112.000000,0.000000,1.009709,1.009709,,reconciles,True
knqamwxn,id_id,Indonesian,water,finished,1000,8,64,512,512000,2181.455403,5.015000,15.338358,id_id,1,True,estimate,102093.718843,434.986122,101112.000000,101112.000000,0.000000,1.009709,1.009709,,reconciles,True
dkfv8x7l,mr_in,Marathi,earth,finished,1000,8,64,512,512000,1913.041684,8.096000,13.451074,mr_in,1,True,estimate,63241.106719,236.294674,58201.000000,58201.000000,0.000000,1.086598,1.086598,,reconciles,True
6hwloeuj,mr_in,Marathi,fire,finished,1000,8,64,512,512000,1913.041684,8.096000,13.451074,mr_in,1,True,estimate,63241.106719,236.294674,58201.000000,58201.000000,0.000000,1.086598,1.086598,,reconciles,True
azz9fzz9,mr_in,Marathi,global,finished,1000,8,64,512,512000,1913.041684,8.096000,13.451074,mr_in,1,True,estimate,63241.106719,236.294674,58201.000000,58201.000000,0.000000,1.086598,1.086598,,reconciles,True
m6tygsps,mr_in,Marathi,water,finished,1000,8,64,512,512000,1913.041684,8.096000,13.451074,mr_in,1,True,estimate,63241.106719,236.294674,58201.000000,58201.000000,0.000000,1.086598,1.086598,,reconciles,True
o2zx5oc0,sw_ke,Swahili,earth,finished,1000,8,64,512,512000,1482.037092,1.411000,10.420573,sw_ke+sw_tz,2,True,estimate,362863.217576,1050.345211,302088.000000,302088.000000,0.000000,1.201184,1.201184,1.811472,reconciles,True
ygtvm6lc,sw_ke,Swahili,fire,finished,1000,8,64,512,512000,1482.037092,1.411000,10.420573,sw_ke+sw_tz,2,True,estimate,362863.217576,1050.345211,302088.000000,302088.000000,0.000000,1.201184,1.201184,1.811472,reconciles,True
u7848jw4,sw_ke,Swahili,global,finished,1000,8,64,512,512000,1482.037092,1.411000,10.420573,sw_ke+sw_tz,2,True,estimate,362863.217576,1050.345211,302088.000000,302088.000000,0.000000,1.201184,1.201184,1.811472,reconciles,True
j6mhclux,sw_ke,Swahili,water,finished,1000,8,64,512,512000,1482.037092,1.411000,10.420573,sw_ke+sw_tz,2,True,estimate,362863.217576,1050.345211,302088.000000,302088.000000,0.000000,1.201184,1.201184,1.811472,reconciles,True
xtcqgc2e,ta_in,Tamil,earth,finished,1000,8,64,512,512000,2019.961006,58.014000,14.202851,ta_in+ta_lk,2,True,estimate,8825.455924,34.818509,32107.000000,8846.000000,23261.000000,0.274876,0.997678,0.997678,reconciles,True
oq0c4e9d,ta_in,Tamil,fire,finished,1000,8,64,512,512000,2019.961006,58.014000,14.202851,ta_in+ta_lk,2,True,estimate,8825.455924,34.818509,32107.000000,8846.000000,23261.000000,0.274876,0.997678,0.997678,reconciles,True
hedu8pbd,ta_in,Tamil,global,finished,1000,8,64,512,512000,2019.961006,58.014000,14.202851,ta_in+ta_lk,2,True,estimate,8825.455924,34.818509,32107.000000,8846.000000,23261.000000,0.274876,0.997678,0.997678,reconciles,True
xpjtxhze,ta_in,Tamil,water,finished,1000,8,64,512,512000,2019.961006,58.014000,14.202851,ta_in+ta_lk,2,True,estimate,8825.455924,34.818509,32107.000000,8846.000000,23261.000000,0.274876,0.997678,0.997678,reconciles,True
