axis,level,n_runs,n_languages,mean_generalisation_gap,median_generalisation_gap,mean_eval_loss_rise,median_eval_loss_rise,mean_frac_to_best
eval_domain,cross_domain,38,9,0.366581,0.200481,0.066253,0.006408,0.603248
eval_domain,in_domain,10,2,0.134287,0.032298,0.000535,0.000254,0.930989
accent_match,different,4,1,0.180584,0.170485,0.012997,0.012969,0.790470
accent_match,partial,14,3,0.570403,0.299822,0.107399,0.001791,0.608332
accent_match,related,4,1,0.127286,0.125524,0.003493,0.003603,0.652496
accent_match,same,26,6,0.232917,0.077216,0.036670,0.004228,0.690186
resource_tier,high,30,7,0.081557,0.123006,0.003879,0.002567,0.815168
resource_tier,mid,8,2,0.531215,0.528791,0.038755,0.028442,0.628694
resource_tier,very_low,10,2,0.857651,0.825417,0.209656,0.195169,0.274875
